{"0.01-0.01-78.46": 1.785013834326476e-38, "0.01-0.01-90.0": 1.785013834326476e-38, "0.01-0.01-72.54": 9.529130130553691e-32, "0.01-0.01-84.26": 9.529130130553691e-32, "0.01-0.01-66.42": 1.612107236785123e-23, "0.01-0.01-0.0": 2.7458018477629234e-22, "0.01-0.01-25.84": 2.7458018477629234e-22, "0.01-0.01-36.87": 2.7458018477629234e-22, "0.01-0.01-45.57": 2.7458018477629234e-22, "0.01-0.01-53.13": 2.7458018477629234e-22, "0.01-0.01-60.0": 2.7458018477629234e-22}