{"0.01-0.01-0.0": 0.1025518048704661, "0.01-0.01-25.84": 0.013601294615519866, "0.01-0.01-36.87": 0.01150915060405073, "0.01-0.01-45.57": 0.00485379677079993, "0.01-0.01-53.13": 0.00372045939704097, "0.01-0.01-60.0": 0.010167825851734766, "0.01-0.01-66.42": 0.011500470968210845, "0.01-0.01-72.54": 0.08598245873010145, "0.01-0.01-78.46": 0.04451035250559789, "0.01-0.01-84.26": 0.011141216693716004, "0.01-0.01-90.0": 0.010997003610360602, "0.01-0.02-0.0": 0.024940619784332096, "0.01-0.02-25.84": 0.011536125599690793, "0.01-0.02-36.87": 0.01335962423609281, "0.01-0.02-45.57": 0.01150915060405073, "0.01-0.02-53.13": 0.011500486758974105, "0.01-0.02-60.0": 0.011500472504273971, "0.01-0.02-66.42": 0.011308365538143813, "0.01-0.02-72.54": 0.0061570690770191925, "0.01-0.02-78.46": 0.0029355394812092704, "0.01-0.02-84.26": 0.00023761325894697984, "0.01-0.02-90.0": 0.00023761325894697984, "0.01-0.03-0.0": 0.1226048329519558, "0.01-0.03-25.84": 0.13581935418488528, "0.01-0.03-36.87": 0.10975777331928027, "0.01-0.03-45.57": 0.011536802655245119, "0.01-0.03-53.13": 0.00023762640142426333, "0.01-0.03-60.0": 0.00023762640111421658, "0.01-0.03-66.42": 0.00023762639722993398, "0.01-0.03-72.54": 0.0002376248669646139, "0.01-0.03-78.46": 0.0002376242030531904, "0.01-0.03-84.26": 0.00023762076860640323, "0.01-0.03-90.0": 0.00023762076860640323, "0.02-0.01-53.13": 0.04160774821260257, "0.02-0.01-60.0": 0.03757274631901346, "0.02-0.01-66.42": 0.017386472284162697, "0.02-0.01-72.54": 0.011390268117730857, "0.02-0.01-78.46": 0.0010064492153890267, "0.02-0.01-84.26": 0.0004978820376479533, "0.02-0.01-90.0": 0.0004668660256225182, "0.02-0.02-53.13": 0.06047025782096534, "0.02-0.02-60.0": 0.044538318651645745, "0.02-0.02-66.42": 0.03732716482285353, "0.02-0.02-72.54": 0.034160969507462495, "0.02-0.02-78.46": 0.0259261195810781, "0.02-0.02-84.26": 0.020616935845322593, "0.02-0.02-90.0": 0.019514523610360417, "0.02-0.03-66.42": 0.04051869969799259, "0.02-0.03-72.54": 0.026145414459061524, "0.02-0.03-78.46": 0.017843840537698066, "0.02-0.03-84.26": 0.017862700638195582, "0.02-0.03-90.0": 0.021703822451311233, "0.03-0.01-53.13": 0.041335560912058755, "0.03-0.01-60.0": 0.033735960374185664, "0.03-0.01-66.42": 0.017402449450390958, "0.03-0.01-72.54": 0.00403652882928092, "0.03-0.01-78.46": 0.0009020424511737845, "0.03-0.01-84.26": 0.0005924660177355981, "0.03-0.01-90.0": 0.000697199797775523, "0.03-0.02-66.42": 0.037385216756113296, "0.03-0.02-72.54": 0.01589127641702025, "0.03-0.02-78.46": 0.014363355856037418, "0.03-0.02-84.26": 0.0010630005707497386, "0.03-0.02-90.0": 0.002589944281085694, "0.03-0.03-53.13": 0.16792058959201564, "0.03-0.03-60.0": 0.15673352287192033, "0.03-0.03-66.42": 0.14313233988118498, "0.03-0.03-72.54": 0.037620550220798105, "0.03-0.03-78.46": 0.14018520250913089, "0.03-0.03-84.26": 0.14255508357473584, "0.03-0.03-90.0": 0.03629773194419749, "0.04-0.01-25.84": 0.07724449147346113, "0.04-0.01-36.87": 0.064742698423557, "0.04-0.01-45.57": 0.06009365535899613, "0.04-0.01-53.13": 0.04172201514657337, "0.04-0.01-60.0": 0.036608582104607414, "0.04-0.01-66.42": 0.025166975888256015, "0.04-0.01-72.54": 0.019129504111392522, "0.04-0.01-78.46": 0.08743250300285116, "0.04-0.01-84.26": 0.08701687987327789, "0.04-0.01-90.0": 0.08743250300285116, "0.04-0.02-45.57": 0.06146922007457571, "0.04-0.02-53.13": 0.05660645476586851, "0.04-0.02-60.0": 0.042927821691495026, "0.04-0.02-66.42": 0.03064169287169103, "0.04-0.02-72.54": 0.0901141696031724, "0.04-0.02-78.46": 0.01666889003736964, "0.04-0.02-84.26": 0.015615204527090656, "0.04-0.02-90.0": 0.015471733094105372, "0.04-0.03-45.57": 0.06177500339175678, "0.04-0.03-53.13": 0.051937591101987104, "0.04-0.03-60.0": 0.042039925207231495, "0.04-0.03-66.42": 0.11962589254969755, "0.04-0.03-72.54": 0.11950506443543447, "0.04-0.03-78.46": 0.09359468992486546, "0.04-0.03-84.26": 0.08869065348518776, "0.04-0.03-90.0": 0.018114424862049394, "0.05-0.01-36.87": 0.061919139074744924, "0.05-0.01-45.57": 0.16184787627855407, "0.05-0.01-53.13": 0.12893029353116928, "0.05-0.01-60.0": 0.03106365510681096, "0.05-0.01-66.42": 0.08740781438990829, "0.05-0.01-72.54": 0.06585484537939737, "0.05-0.01-78.46": 0.02009919796460233, "0.05-0.01-84.26": 0.0003434743068335822, "0.05-0.01-90.0": 0.050132288662315, "0.05-0.02-45.57": 0.05843079472740186, "0.05-0.02-53.13": 0.04103226416860908, "0.05-0.02-60.0": 0.036158153708205715, "0.05-0.02-66.42": 0.10509145522943905, "0.05-0.02-72.54": 0.019435002360035168, "0.05-0.02-78.46": 0.08949510857092487, "0.05-0.02-84.26": 0.0873313051695784, "0.05-0.02-90.0": 0.08728193081898336, "0.05-0.03-36.87": 0.0626969166666505, "0.05-0.03-45.57": 0.13308714219289758, "0.05-0.03-53.13": 0.028674768005954473, "0.05-0.03-60.0": 0.025950302015163292, "0.05-0.03-66.42": 0.09302788726452788, "0.05-0.03-72.54": 0.09305059345076629, "0.05-0.03-78.46": 0.0898966344364671, "0.05-0.03-84.26": 0.08982887495942642, "0.05-0.03-90.0": 0.09481122357438798, "0.06-0.01-36.87": 0.06261399550417436, "0.06-0.01-45.57": 0.17073880191325166, "0.06-0.01-53.13": 0.13016712384712711, "0.06-0.01-60.0": 0.03700116690062215, "0.06-0.01-66.42": 0.028489810673268154, "0.06-0.01-72.54": 0.09238530610346525, "0.06-0.01-78.46": 0.049541566977295115, "0.06-0.01-84.26": 0.011500486741521914, "0.06-0.01-90.0": 0.00023764065429778211, "0.06-0.02-25.84": 0.18083882140082747, "0.06-0.02-36.87": 0.15891139516235778, "0.06-0.02-45.57": 0.1266944879273633, "0.06-0.02-53.13": 0.10943463656662862, "0.06-0.02-60.0": 0.10536004614666204, "0.06-0.02-66.42": 0.08765053942805431, "0.06-0.02-72.54": 0.08840922143691485, "0.06-0.02-78.46": 0.0881698540255787, "0.06-0.02-84.26": 0.014538475861022741, "0.06-0.02-90.0": 0.08657651405622112, "0.06-0.03-25.84": 0.07430490030872447, "0.06-0.03-36.87": 0.060470257941769204, "0.06-0.03-45.57": 0.12669335961063652, "0.06-0.03-53.13": 0.034156031877133015, "0.06-0.03-60.0": 0.09855457920802499, "0.06-0.03-66.42": 0.08339564096765495, "0.06-0.03-72.54": 0.01753150351946149, "0.06-0.03-78.46": 0.04272571399859228, "0.06-0.03-84.26": 0.09151545302665136, "0.06-0.03-90.0": 0.09326448936668687, "0.07-0.01-36.87": 0.061558735093459806, "0.07-0.01-45.57": 0.04778522637459581, "0.07-0.01-53.13": 0.028050400384108623, "0.07-0.01-60.0": 0.019372439559277654, "0.07-0.01-66.42": 0.014354999645361048, "0.07-0.01-72.54": 0.00033089187708854555, "0.07-0.01-78.46": 0.0002376264015513851, "0.07-0.01-84.26": 0.00039047004241842166, "0.07-0.01-90.0": 0.000580673012804955, "0.07-0.02-36.87": 0.06066549718312187, "0.07-0.02-45.57": 0.11247540765418931, "0.07-0.02-53.13": 0.10330943375187045, "0.07-0.02-60.0": 0.01935859336131059, "0.07-0.02-66.42": 0.01746753332785128, "0.07-0.02-72.54": 0.004841180040492288, "0.07-0.02-78.46": 0.018998215484712526, "0.07-0.02-84.26": 0.016951953404677096, "0.07-0.02-90.0": 0.021185840793201096, "0.07-0.03-36.87": 0.05458875412666292, "0.07-0.03-45.57": 0.057809874623867795, "0.07-0.03-53.13": 0.10896577854319132, "0.07-0.03-60.0": 0.10930003886597173, "0.07-0.03-66.42": 0.1066414128839443, "0.07-0.03-72.54": 0.11736106153828203, "0.07-0.03-78.46": 0.12128668798786846, "0.07-0.03-84.26": 0.08765307888655785, "0.07-0.03-90.0": 0.08938542393981193, "0.02-0.02-0.0": 0.20964874567690825, "0.02-0.03-25.84": 0.2036776299529808, "0.02-0.03-36.87": 0.2032628915010681, "0.03-0.03-0.0": 0.20705201533538986, "0.03-0.03-25.84": 0.20299417563227243, "0.04-0.01-0.0": 0.2040067345116536, "0.04-0.02-0.0": 0.09273402432240377, "0.04-0.03-25.84": 0.20344567223830157, "0.05-0.03-0.0": 0.07789003693553041, "0.06-0.02-0.0": 0.20254249963822166, "0.06-0.03-0.0": 0.09045537832857195, "0.03-0.01-45.57": 0.048258240719707926, "0.03-0.02-60.0": 0.03151220036716444, "0.03-0.03-45.57": 0.1754036566325076, "0.04-0.03-36.87": 0.187784701793776, "0.02-0.01-45.57": 0.04858175432523818, "0.04-0.02-36.87": 0.06733596104768551, "0.05-0.03-25.84": 0.06910493899643393, "0.05-0.01-25.84": 0.07493148804306396, "0.05-0.02-36.87": 0.06652345357944899,