{"0.02-0.01-84.26": 8.20478495230606e-06, "0.02-0.01-78.46": 8.20478495230606e-06, "0.01-0.01-90.0": 8.18230980321599e-06, "0.02-0.01-90.0": 8.205444996443625e-06, "0.01-0.01-84.26": 8.18230980321599e-06, "0.01-0.01-78.46": 8.19384084609551e-06, "0.01-0.02-78.46": 8.94083564914169e-06, "0.01-0.03-90.0": 2.7231002617058192e-05, "0.01-0.02-84.26": 8.94083564914169e-06, "0.01-0.03-84.26": 2.722971358336287e-05, "0.01-0.03-78.46": 2.7231662661195757e-05, "0.01-0.02-90.0": 8.94083564914169e-06, "0.01-0.01-72.54": 8.952439799489805e-06, "0.01-0.01-45.57": 0.0023108761987847295, "0.01-0.01-53.13": 0.0006474978019731039, "0.01-0.01-60.0": 2.8998595208076605e-05, "0.01-0.01-66.42": 2.751141158401725e-05, "0.01-0.02-53.13": 0.0018407705049015286, "0.01-0.02-60.0": 0.0007060385765018056, "0.01-0.02-66.42": 2.8997071340401818e-05, "0.01-0.02-72.54": 2.7510755170602828e-05, "0.01-0.03-66.42": 0.00103998932911859, "0.01-0.03-72.54": 2.8998595208076605e-05, "0.02-0.01-53.13": 0.001967093153210255, "0.02-0.01-60.0": 0.00018028125845898177, "0.02-0.01-66.42": 2.899860174592317e-05, "0.02-0.01-72.54": 1.0717848478695863e-05, "0.02-0.02-53.13": 0.001547428284069169, "0.02-0.02-60.0": 0.0007060385776397342, "0.02-0.02-66.42": 2.8998602055995965e-05, "0.02-0.02-72.54": 2.899859786166664e-05, "0.02-0.02-78.46": 1.0717840867354654e-05, "0.02-0.02-84.26": 9.231532308896875e-06, "0.02-0.02-90.0": 1.071718082321709e-05, "0.02-0.03-60.0": 0.0019670931725072165, "0.02-0.03-66.42": 0.00039853414180524553, "0.02-0.03-72.54": 2.899860174592317e-05, "0.02-0.03-78.46": 2.8998595208076605e-05, "0.02-0.03-84.26": 1.0717848478695863e-05, "0.02-0.03-90.0": 1.0717848478695863e-05, "0.03-0.01-53.13": 0.0014408325245227262, "0.03-0.01-60.0": 2.899860218311779e-05, "0.03-0.01-66.42": 2.8998602055995965e-05, "0.03-0.01-72.54": 1.071937234637065e-05, "0.03-0.01-78.46": 9.970186020170909e-06, "0.03-0.01-84.26": 9.968896986475586e-06, "0.03-0.01-90.0": 9.968896986475586e-06, "0.03-0.02-66.42": 2.8998602055995965e-05, "0.03-0.02-72.54": 2.8998601045164708e-05, "0.03-0.02-78.46": 1.0717844734640597e-05, "0.03-0.02-84.26": 1.0717840867354654e-05, "0.03-0.02-90.0": 1.0717840867354654e-05, "0.03-0.03-72.54": 2.899860174594923e-05, "0.03-0.03-78.46": 2.899860174592317e-05, "0.03-0.03-84.26": 2.899860174592317e-05, "0.03-0.03-90.0": 9.232199964375649e-06, "0.04-0.01-45.57": 0.0029840709732767067, "0.04-0.01-53.13": 0.000968291307247664, "0.04-0.01-60.0": 2.899862148007942e-05, "0.04-0.01-66.42": 2.899860209830472e-05, "0.04-0.01-72.54": 2.8998601045164708e-05, "0.04-0.01-78.46": 2.8998595208076605e-05, "0.04-0.01-84.26": 2.8997071340401818e-05, "0.04-0.01-90.0": 2.899707464338797e-05, "0.04-0.02-45.57": 0.004569980105246114, "0.04-0.02-53.13": 0.0011069799109497602, "0.04-0.02-60.0": 0.0001802812778407126, "0.04-0.02-66.42": 2.8998602098334948e-05, "0.04-0.02-72.54": 0.0003985341414528462, "0.04-0.02-78.46": 1.0717848478695863e-05, "0.04-0.02-84.26": 9.970849931594417e-06, "0.04-0.02-90.0": 9.970849931594417e-06, "0.04-0.03-60.0": 0.0014408325245227136, "0.04-0.03-72.54": 0.0014408325050986302, "0.04-0.03-78.46": 2.8998601045164708e-05, "0.04-0.03-84.26": 2.8998599792187196e-05, "0.04-0.03-90.0": 1.0717844734640597e-05, "0.05-0.01-60.0": 0.0001802812778407126, "0.05-0.01-66.42": 0.0018407705052115753, "0.05-0.01-72.54": 2.8998601045164708e-05, "0.05-0.01-78.46": 2.8997071340401818e-05, "0.05-0.01-84.26": 2.8997063729060607e-05, "0.05-0.01-90.0": 2.8997071340401818e-05, "0.05-0.02-45.57": 0.0029840709732767067, "0.05-0.02-53.13": 0.001194918351441335, "0.05-0.02-60.0": 0.0007060385969366958, "0.05-0.02-72.54": 2.899860174594923e-05, "0.05-0.02-78.46": 2.8998601045164708e-05, "0.05-0.02-84.26": 2.899859786166664e-05, "0.05-0.02-90.0": 2.899859786166664e-05, "0.05-0.03-53.13": 0.0029840709732767067, "0.05-0.03-60.0": 0.0018407705246356713, "0.05-0.03-72.54": 0.001278536902651783, "0.05-0.03-78.46": 2.899860174592317e-05, "0.05-0.03-84.26": 2.8998601045164708e-05, "0.05-0.03-90.0": 2.8998601045189164e-05, "0.06-0.01-60.0": 0.0007060385969366958, "0.06-0.01-66.42": 2.899860218311779e-05, "0.06-0.01-72.54": 0.0009682912875135338, "0.06-0.01-78.46": 2.8998595208076605e-05, "0.06-0.01-84.26": 2.8996403684923042e-05, "0.06-0.01-90.0": 2.8997063729060607e-05, "0.06-0.02-66.42": 0.0030990249430947157, "0.06-0.02-72.54": 0.0009682912875135338, "0.06-0.02-78.46": 2.8998601045164708e-05, "0.06-0.02-84.26": 1.0717848478695863e-05, "0.06-0.02-90.0": 2.899859786166664e-05, "0.06-0.03-53.13": 0.0013593295979312536, "0.06-0.03-72.54": 0.001039989329118564, "0.06-0.03-78.46": 2.8998601045164708e-05, "0.06-0.03-84.26": 2.899860174592317e-05, "0.06-0.03-90.0": 2.899860174592317e-05, "0.07-0.01-45.57": 0.0018449228338946503, "0.07-0.01-53.13": 0.00043824266351406437, "0.07-0.01-60.0": 2.899862148007942e-05, "0.07-0.01-66.42": 2.8998602098348578e-05, "0.07-0.01-72.54": 0.0006474978019731039, "0.07-0.01-78.46": 2.8997071340401818e-05, "0.07-0.01-84.26": 1.0717844734640597e-05, "0.07-0.01-90.0": 1.0717844734640597e-05, "0.07-0.02-60.0": 0.0004382426635140518, "0.07-0.02-66.42": 2.899864162385401e-05, "0.07-0.02-72.54": 0.00018028125810658243, "0.07-0.02-78.46": 2.8998595208076605e-05, "0.07-0.02-84.26": 1.071937234637065e-05, "0.07-0.02-90.0": 1.071937234637065e-05, "0.07-0.03-45.57": 0.0037410195197046807, "0.07-0.03-78.46": 0.0011069798915256768, "0.07-0.03-84.26": 2.8998601045164708e-05, "0.07-0.03-90.0": 2.899860174592317e-05, "0.04-0.03-53.13": 0.004724173557937597, "0.01-0.01-36.87": 0.0074162051336034, "0.01-0.02-45.57": 0.007332796478246812, "0.01-0.03-60.0": 0.00858314172459837, "0.02-0.02-45.57": 0.007136868946641965, "0.02-0.03-53.13": 0.00769473907420128, "0.03-0.01-45.57": 0.007332796497628569, "0.03-0.02-60.0": 0.005680001400688765, "0.05-0.01-36.87": 0.01015256597343612, "0.05-0.02-66.42": 0.005862975052646273, "0.05-0.03-66.42": 0.006425802404739386, "0.06-0.03-66.42": 0.004597899629530479, "0.07-0.01-36.87": 0.010676860085153847, "0.07-0.03-72.54": 0.004400029934439048, "0.01-0.03-53.13": 0.017036026342877302, "0.02-0.01-45.57": 0.013427133526653756, "0.03-0.03-66.42": 0.012612780778439567, "0.04-0.01-36.87": 0.012555601692128113, "0.04-0.02-36.87": 0.01631371639350313, "0.04-0.03-45.57": 0.014380648199199104, "0.04-0.03-66.42": 0.010154722210629345, "0.05-0.02-36.87": 0.011450930930449119, "0.06-0.01-36.87": 0.01701637154014351, "0.06-0.03-36.87": 0.014986417733501296, "0.07-0.03-36.87": 0.013258655484897621, "0.01-0.01-25.84": 0.021203780361831136, "0.01-0.02-36.87": 0.020432620967278246, "0.01-0.03-45.57": 0.02100599178384641, "0.02-0.02-36.87": 0.020879309233894142, "0.02-0.03-45.57": 0.01897312531791812, "0.03-0.01-36.87": 0.024766594995984475, "0.03-0.02-45.57": 0.02450424969598655, "0.03-0.02-53.13": 0.019935631298112762, "0.03-0.03-36.87": 0.02787532502511114, "0.04-0.01-25.84": 0.03393364036310292, "0.05-0.01-25.84": 0.02572116632100273, "0.05-0.02-25.84": 0.027319961494820178, "0.05-0.03-36.87": 0.023785464999931796, "0.06-0.02-60.0": 0.021927596752061726, "0.06-0.03-60.0": 0.021792673044730627, "0.07-0.01-25.84": 0.02816711402933114, "0.07-0.02-25.84": 0.027902866154511416, "0.07-0.02-36.87": 0.020707409312628444, "0.07-0.03-25.84": 0.032058647982914294, "0.07-0.03-66.42": 0.014875410268668557, "0.02-0.01-36.87": 0.03243655270622681, "0.01-0.02-25.84": 0.052862522271821824, "0.01-0.03-36.87": 0.06425815288871507, "0.02-0.02-25.84": 0.04728013261428933, "0.03-0.03-60.0": 0.05344642595652694, "0.04-0.02-25.84": 0.039105618926460556, "0.05-0.01-53.13": 0.05296600312102584, "0.05-0.03-25.84": 0.06941257750297278, "0.06-0.01-25.84": 0.040685817889872786, "0.06-0.02-53.13": 0.03789036320096413, "0.06-0.03-25.84": 0.04853423691420647, "0.07-0.02-53.13": 0.03395150055840612, "0.07-0.03-53.13": 0.06133433919290992, "0.07-0.03-60.0": 0.035792867729122456, "0.01-0.01-0.0": 0.07326544088256033, "0.03-0.01-25.84": 0.07118629705683668, "0.01-0.02-0.0": 0.11233352070522906, "0.01-0.03-0.0": 0.15669557229500589,