{"0.01-0.01-78.46": 8.190583364514843e-30, "0.01-0.01-84.26": 8.190583364514843e-30, "0.01-0.01-90.0": 8.190583364514843e-30, "0.01-0.01-66.42": 1.6121072367851455e-23, "0.01-0.01-72.54": 1.6121072367851455e-23, "0.01-0.01-45.57": 2.74580317648365e-22, "0.01-0.01-53.13": 2.745803176200553e-22, "0.01-0.01-60.0": 2.745803176200553e-22, "0.01-0.01-0.0": 2.1293398828072007e-08, "0.01-0.01-25.84": 2.1293398828072007e-08, "0.01-0.01-36.87": 2.1293398828072007e-08}