{"0.01-0.01-66.42": 8.113124549166312e-05, "0.01-0.01-72.54": 6.91302084908693e-05, "0.01-0.01-78.46": 6.781792005814102e-05, "0.01-0.01-84.26": 6.781792005814102e-05, "0.01-0.01-90.0": 6.781792005814102e-05, "0.01-0.02-72.54": 8.113556484437296e-05, "0.01-0.02-78.46": 6.914992856058663e-05, "0.01-0.02-84.26": 6.914992856058663e-05, "0.01-0.02-90.0": 6.914992856058663e-05, "0.01-0.03-78.46": 6.916145960346614e-05, "0.01-0.03-84.26": 6.915608602250516e-05, "0.01-0.03-90.0": 6.915608602250516e-05, "0.02-0.01-72.54": 8.11428460112881e-05, "0.02-0.01-78.46": 6.916145960346614e-05, "0.02-0.01-84.26": 6.915608602250516e-05, "0.02-0.01-90.0": 6.915608602250516e-05, "0.02-0.02-72.54": 6.945434778637488e-05, "0.02-0.02-78.46": 6.91724037096767e-05, "0.02-0.02-84.26": 6.916577895617598e-05, "0.02-0.02-90.0": 6.916577895617598e-05, "0.02-0.03-78.46": 6.917307136515547e-05, "0.02-0.03-84.26": 6.917306375381426e-05, "0.02-0.03-90.0": 6.917306375381426e-05, "0.03-0.01-78.46": 6.917111467598138e-05, "0.03-0.01-84.26": 6.916577895617598e-05, "0.03-0.01-90.0": 6.916896926288955e-05, "0.03-0.02-78.46": 8.114284964201124e-05, "0.03-0.02-84.26": 6.91724037096767e-05, "0.03-0.02-90.0": 6.91724037096767e-05, "0.03-0.03-84.26": 8.112587191070213e-05, "0.03-0.03-90.0": 8.11443740739703e-05, "0.04-0.01-78.46": 8.112587191070213e-05, "0.04-0.01-84.26": 8.11197144487836e-05, "0.04-0.01-90.0": 8.11197144487836e-05, "0.04-0.02-84.26": 8.114284964201124e-05, "0.05-0.01-84.26": 8.113875515108654e-05, "0.05-0.03-90.0": 6.916145960346614e-05, "0.01-0.01-45.57": 0.00018634594013265568, "0.01-0.01-53.13": 0.00016602426595414973, "0.01-0.01-60.0": 0.00016386155191755583, "0.01-0.02-53.13": 0.00018649855314551242, "0.01-0.02-60.0": 0.00018230645035792576, "0.01-0.02-66.42": 0.0001645385999453532, "0.01-0.03-66.42": 0.00016602426595417575, "0.01-0.03-72.54": 0.00016386154817350058, "0.02-0.01-66.42": 0.00016602426525339127, "0.02-0.02-66.42": 0.0001653472105827971, "0.02-0.03-66.42": 0.0001660242662642747, "0.02-0.03-72.54": 0.0001653472102727243, "0.03-0.01-66.42": 0.0001660242662642225, "0.03-0.01-72.54": 0.00016386155191755583, "0.03-0.02-66.42": 0.000182306451368757, "0.03-0.02-72.54": 0.00016534720957196583, "0.03-0.03-66.42": 0.0002122651983979792, "0.03-0.03-72.54": 0.0001653472102727243, "0.03-0.03-78.46": 0.00016356329345668778, "0.04-0.01-66.42": 0.00018649855345558112, "0.04-0.01-72.54": 0.00016534720638848837, "0.04-0.02-72.54": 0.00016425818734767104, "0.04-0.02-78.46": 0.00016386002760882746, "0.04-0.02-90.0": 0.00016358179561995592, "0.04-0.03-66.42": 0.00018649855244475238, "0.04-0.03-72.54": 0.00017280176911827725, "0.04-0.03-78.46": 0.00016356866703764875, "0.04-0.03-84.26": 0.0001635648140213609, "0.04-0.03-90.0": 0.00016358179561995592, "0.05-0.01-66.42": 0.00018634593593832633, "0.05-0.01-72.54": 0.00016425818734767104, "0.05-0.01-78.46": 0.00016356329345668778, "0.05-0.01-90.0": 0.00016356329345668778, "0.05-0.02-72.54": 0.00016425886488628485, "0.05-0.02-78.46": 0.00016357018760232187, "0.05-0.02-84.26": 0.0001635648140213609, "0.05-0.02-90.0": 0.0001635648140213609, "0.05-0.03-72.54": 0.00018082078895946047, "0.05-0.03-78.46": 0.0001635745069550317, "0.05-0.03-84.26": 0.00016356866703764875, "0.06-0.01-72.54": 0.00016425884743409542, "0.06-0.01-78.46": 0.00016357018760232187, "0.06-0.01-84.26": 0.0001635648140213609, "0.06-0.01-90.0": 0.00016358113170853242, "0.06-0.02-72.54": 0.00016453860385492596, "0.06-0.02-78.46": 0.00016357018760232187, "0.06-0.02-84.26": 0.00016386155191755583, "0.06-0.02-90.0": 0.00016357018760232187, "0.06-0.03-72.54": 0.0001850128980933196, "0.06-0.03-78.46": 0.00016453793990121564, "0.06-0.03-84.26": 0.0001635745069550317, "0.06-0.03-90.0": 0.0001635745069550317, "0.07-0.01-72.54": 0.00018230645035795023, "0.07-0.01-78.46": 0.00016358179561995592, "0.07-0.01-84.26": 0.00016358179175266998, "0.07-0.01-90.0": 0.00016386154817350058, "0.07-0.02-72.54": 0.00022664278289738065, "0.07-0.02-78.46": 0.00016386155522054197, "0.07-0.02-84.26": 0.00016386155191755583, "0.07-0.02-90.0": 0.00016386155522055753, "0.07-0.03-78.46": 0.00016425884376108544, "0.07-0.03-84.26": 0.00016425156259417033, "0.07-0.03-90.0": 0.00016425156259417033, "0.02-0.02-53.13": 0.0001864985728373507, "0.02-0.02-60.0": 0.00016602426634905752, "0.02-0.03-60.0": 0.0001864985728373507, "0.03-0.01-53.13": 0.0001864985728373507, "0.03-0.01-60.0": 0.00016602426634905752, "0.03-0.02-60.0": 0.00018649855354038904, "0.01-0.01-36.87": 0.0003016397613028938, "0.01-0.02-45.57": 0.00022868832084511507, "0.01-0.03-60.0": 0.0002969245571018955, "0.02-0.01-53.13": 0.00032033240420054613, "0.02-0.01-60.0": 0.00023926828279479913, "0.02-0.02-36.87": 0.0003016446348254562, "0.02-0.02-45.57": 0.00023455518289416098, "0.02-0.03-45.57": 0.0003016446348254562, "0.02-0.03-53.13": 0.00022868837966762086, "0.04-0.02-66.42": 0.00022868832084514532, "0.05-0.02-66.42": 0.0002286883198342619, "0.05-0.03-66.42": 0.0002969246788073145, "0.06-0.01-66.42": 0.0002993414081064419, "0.06-0.02-66.42": 0.00028104589669513693, "0.07-0.01-66.42": 0.0003016397613029325, "0.07-0.03-72.54": 0.00022868831399717375, "0.01-0.01-0.0": 0.00032033762274274704, "0.01-0.01-25.84": 0.000302391970987732, "0.01-0.02-0.0": 0.0004665747277518116, "0.01-0.02-25.84": 0.00044041604665835985, "0.01-0.02-36.87": 0.00030164497626946355, "0.01-0.03-36.87": 0.00044361350450152734, "0.01-0.03-45.57": 0.00044038912957548474, "0.01-0.03-53.13": 0.00030164497626946355, "0.02-0.01-25.84": 0.0004665768128658102, "0.02-0.01-36.87": 0.0004433609138432498, "0.02-0.01-45.57": 0.0004112042369842262, "0.02-0.02-25.84": 0.00032771207979605596, "0.02-0.03-36.87": 0.00046657472775181127, "0.03-0.01-45.57": 0.0004665768127552488, "0.03-0.02-53.13": 0.0004433588329128397, "0.03-0.03-53.13": 0.0004665747083700722, "0.03-0.03-60.0": 0.00044041598783583217, "0.04-0.01-53.13": 0.00046632212186959956, "0.04-0.01-60.0": 0.0004134672894754806, "0.04-0.02-53.13": 0.00046657681275525173, "0.04-0.02-60.0": 0.00044335882872925116, "0.04-0.03-25.84": 0.0005406356575215381, "0.04-0.03-53.13": 0.0003016449992268643, "0.04-0.03-60.0": 0.00045978448725252877, "0.05-0.01-45.57": 0.0003971329103455822, "0.05-0.01-53.13": 0.0004665747083700722, "0.05-0.01-60.0": 0.0004093151548019103, "0.05-0.02-36.87": 0.0005206206162115327, "0.05-0.02-60.0": 0.0004433588723535759, "0.05-0.03-60.0": 0.0003016450386675879, "0.06-0.01-60.0": 0.00044361356323922515, "0.06-0.02-60.0": 0.00044361350441671937, "0.06-0.03-60.0": 0.0004665747083700595, "0.06-0.03-66.42": 0.00032033240393959813, "0.07-0.01-53.13": 0.0004093200089427031, "0.07-0.01-60.0": 0.00038683136077367696, "0.07-0.02-45.57": 0.0005176861769087344, "0.07-0.02-53.13": 0.0005144500593452114, "0.07-0.02-60.0": 0.0005102814709635219, "0.07-0.02-66.42": 0.00030164497626946355, "0.07-0.03-45.57": 0.0005206289984203622, "0.07-0.03-53.13": 0.0005144479742312128, "0.07-0.03-60.0": 0.00040931496083475803, "0.07-0.03-66.42": 0.0003018439247026064, "0.01-0.03-25.84": 0.0007540476262812262, "0.02-0.01-0.0": 0.0006043111321797122, "0.02-0.03-0.0": 0.0008595656678377215, "0.02-0.03-25.84": 0.0008563488170622541, "0.03-0.01-36.87": 0.0006544071456289599, "0.03-0.02-36.87": 0.0008635456080552491, "0.03-0.02-45.57": 0.0004870328927473799, "0.03-0.03-45.57": 0.0007542566139786046, "0.04-0.01-36.87": 0.000882734922035208, "0.04-0.01-45.57": 0.000654407145628972, "0.04-0.02-0.0": 0.0009688969145655607, "0.04-0.02-45.57": 0.000856353671203059, "0.05-0.02-53.13": 0.0006541953889047873, "0.05-0.03-45.57": 0.0009333642723871659, "0.05-0.03-53.13": 0.0005818655434402785, "0.06-0.01-53.13": 0.0006011454933779677, "0.06-0.02-53.13": 0.0007542566138923616, "0.06-0.03-53.13": 0.000930412515858775, "0.01-0.03-0.0": 0.0008699596309165048, "0.02-0.02-0.0": 0.0011754162433990425, "0.03-0.01-0.0": 0.001263724277734532, "0.03-0.01-25.84": 0.0008898857912174599, "0.03-0.02-25.84": 0.0011528754592096521, "0.03-0.03-25.84": 0.0012511808665090724,