{"0.01-0.01-45.57": 0.00025520361440108325, "0.01-0.01-66.42": 0.00037907846015011, "0.01-0.01-72.54": 0.006150107655616044, "0.01-0.01-78.46": 0.00610700438615061, "0.01-0.01-60.0": 0.0010589542207910007, "0.01-0.01-25.84": 0.01522745984912135, "0.01-0.01-36.87": 0.009390895966653007, "0.01-0.01-0.0": 0.030492885852941867}