{"0.01-0.01-45.57": 2.1293398828072007e-08, "0.01-0.01-53.13": 2.1293398828072007e-08, "0.01-0.01-60.0": 2.1293398828072007e-08, "0.01-0.01-66.42": 2.1293398828072007e-08, "0.01-0.01-36.87": 2.1293398828072007e-08, "0.01-0.01-0.0": 2.7070035813587e-06, "0.01-0.01-25.84": 2.7070035813587e-06, "0.01-0.01-72.54": 6.5635462034419605e-06, "0.01-0.01-78.46": 6.769093884382851e-06, "0.01-0.01-84.26": 2.6604712410484627e-08, "0.01-0.01-90.0": 2.6604712410484627e-08}